﻿Year,College,CompetitionLevel,数目
2021,,国际级,3
2021,,国际级,8
2021,,国际级,3
2021,,国际级,1
2021,材料学院,国际级,2
2021,电子科学与技术学院(国家示范性微电子学院),国际级,12
2021,电子科学与技术学院(国家示范性微电子学院),国际级,3
2021,管理学院,国际级,1
2021,管理学院,国际级,8
2021,管理学院,国际级,3
2021,国际学院,国际级,3
2021,航空航天学院,国际级,1
2021,航空航天学院,国际级,5
2021,化学化工学院,国际级,1
2021,经济学院,国际级,4
2021,经济学院,国际级,5
2021,经济学院,国际级,2
2021,经济学院,国际级,2
2021,能源学院,国际级,2
2021,数学科学学院,国际级,2
2021,数学科学学院,国际级,1
2021,王亚南经济研究院,国际级,1
2021,物理科学与技术学院,国际级,5
2021,信息学院,国际级,1
2021,信息学院,国际级,14
2021,信息学院,国际级,2
2021,信息学院,国际级,1
2022,电子科学与技术学院（国家示范性微电子学院）,国际级,18
2022,电子科学与技术学院（国家示范性微电子学院）,国际级,4
2022,管理学院,国际级,4
2022,管理学院,国际级,1
2022,管理学院,国际级,2
2022,国际学院,国际级,3
2022,国际学院,国际级,3
2022,航空航天学院,国际级,3
2022,航空航天学院,国际级,1
2022,化学化工学院,国际级,4
2022,环境与生态学院,国际级,4
2022,经济学院,国际级,4
2022,经济学院,国际级,14
2022,经济学院,国际级,4
2022,能源学院,国际级,3
2022,数学科学学院,国际级,1
2022,数学科学学院,国际级,1
2022,数学科学学院,国际级,1
2022,王亚南经济研究院,国际级,2
2022,王亚南经济研究院,国际级,1
2022,信息学院,国际级,4
2022,信息学院,国际级,13
2022,信息学院,国际级,4
2023,电子科学与技术学院（国家示范性微电子学院）,国际级,5
2023,公共事务学院,国际级,2
2023,公共卫生学院,国际级,3
2023,管理学院,国际级,1
2023,管理学院,国际级,1
2023,航空航天学院,国际级,2
2023,航空航天学院,国际级,3
2023,化学化工学院,国际级,1
2023,环境与生态学院,国际级,1
2023,经济学院,国际级,8
2023,经济学院,国际级,5
2023,能源学院,国际级,1
2023,数学科学学院,国际级,5
2023,数学科学学院,国际级,1
2023,数学科学学院,国际级,3
2023,王亚南经济研究院,国际级,1
2023,物理科学与技术学院,国际级,1
2023,物理科学与技术学院,国际级,1
2023,信息学院,国际级,10
2023,信息学院,国际级,5
