﻿Year,College,CompetitionLevel,数目
2021,,国际级,1
2021,,省市级,2
2021,,省市级,2
2021,,省市级,1
2021,,省市级,3
2021,电子科学与技术学院(国家示范性微电子学院),省市级,6
2021,管理学院,省市级,3
2021,航空航天学院,省市级,3
2021,航空航天学院,省市级,2
2021,信息学院,国际级,3
2021,信息学院,国际级,2
2021,信息学院,国际级,1
2021,信息学院,国际级,2
2021,信息学院,省市级,12
2021,信息学院,省市级,4
2021,信息学院,省市级,1
2021,信息学院,省市级,12
2021,艺术学院,省市级,2
2022,,国际级,1
2022,,省市级,4
2022,,省市级,4
2022,,省市级,2
2022,创意与创新学院,国际级,1
2022,电子科学与技术学院（国家示范性微电子学院）,省市级,1
2022,电子科学与技术学院（国家示范性微电子学院）,省市级,6
2022,法学院,省市级,2
2022,管理学院,国际级,2
2022,管理学院,省市级,2
2022,海洋与地球学院,省市级,1
2022,航空航天学院,省市级,1
2022,化学化工学院,省市级,1
2022,经济学院,省市级,1
2022,数学科学学院,省市级,1
2022,厦门大学,省市级,1
2022,厦门大学,省市级,1
2022,信息学院,国际级,2
2022,信息学院,国际级,2
2022,信息学院,国际级,6
2022,信息学院,省市级,19
2022,信息学院,省市级,20
2022,信息学院,省市级,1
2022,信息学院,省市级,7
2022,医学院,省市级,3
2023,,国际级,1
2023,,国际级,1
2023,,省市级,2
2023,,省市级,2
2023,,省市级,2
2023,创意与创新学院,国际级,1
2023,创意与创新学院,省市级,2
2023,创意与创新学院,省市级,2
2023,电子科学与技术学院（国家示范性微电子学院）,国际级,1
2023,电子科学与技术学院（国家示范性微电子学院）,省市级,1
2023,电子科学与技术学院（国家示范性微电子学院）,省市级,4
2023,管理学院,省市级,1
2023,经济学院,国际级,1
2023,经济学院,省市级,1
2023,外文学院,省市级,1
2023,信息学院,国际级,2
2023,信息学院,国际级,3
2023,信息学院,省市级,7
2023,信息学院,省市级,3
2023,信息学院,省市级,8
