﻿Year,College,CompetitionLevel,数目
2021,,国际级,2
2021,,国际级,6
2021,,国际级,5
2021,公共卫生学院,国际级,1
2021,公共卫生学院,国际级,1
2021,管理学院,国际级,2
2021,管理学院,国际级,3
2021,管理学院,国际级,3
2021,国际学院,国际级,7
2021,国际学院,国际级,2
2021,海洋与地球学院,国际级,1
2021,航空航天学院,国际级,8
2021,航空航天学院,国际级,6
2021,航空航天学院,国际级,6
2021,化学化工学院,国际级,5
2021,环境与生态学院,国际级,1
2021,建筑与土木工程学院,国际级,4
2021,经济学院,国际级,3
2021,经济学院,国际级,1
2021,社会与人类学院,国际级,1
2021,生命科学学院,国际级,1
2021,生命科学学院,国际级,1
2021,厦门大学,国际级,9
2021,新闻传播学院,国际级,1
2021,信息学院,国际级,6
2021,信息学院,国际级,1
2021,药学院,国际级,4
2021,医学院,国际级,2
2022,创意与创新学院,国际级,1
2022,电影学院,国际级,5
2022,法学院,国际级,1
2022,法学院,国际级,1
2022,公共事务学院,国际级,1
2022,公共卫生学院,国际级,3
2022,公共卫生学院,国际级,1
2022,管理学院,国际级,2
2022,管理学院,国际级,9
2022,管理学院,国际级,4
2022,国际关系学院/南洋研究院,国际级,1
2022,国际学院,国际级,2
2022,国际学院,国际级,2
2022,航空航天学院,国际级,3
2022,航空航天学院,国际级,3
2022,航空航天学院,国际级,11
2022,建筑与土木工程学院,国际级,4
2022,经济学院,国际级,2
2022,经济学院,国际级,4
2022,经济学院,国际级,4
2022,能源学院,国际级,8
2022,人文学院,国际级,1
2022,人文学院,国际级,1
2022,社会与人类学院,国际级,1
2022,生命科学学院,国际级,1
2022,外文学院,国际级,1
2022,厦门大学,国际级,1
2022,新闻传播学院,国际级,1
2022,信息学院,国际级,1
2022,信息学院,国际级,1
2022,药学院,国际级,4
2022,医学院,国际级,2
2022,医学院,国际级,1
