﻿Year,College,CompetitionLevel,数目
2021,,省市级,5
2021,,省市级,6
2021,,省市级,16
2021,,省市级,2
2021,,省市级,5
2021,材料学院,省市级,1
2021,电子科学与技术学院（国家示范性微电子学院）,省市级,2
2021,电子科学与技术学院（国家示范性微电子学院）,省市级,1
2021,公共卫生学院,省市级,1
2021,公共卫生学院,省市级,1
2021,管理学院,省市级,3
2021,管理学院,省市级,8
2021,管理学院,省市级,7
2021,管理学院,省市级,1
2021,国际学院,省市级,7
2021,国际学院,省市级,2
2021,航空航天学院,省市级,7
2021,航空航天学院,省市级,15
2021,航空航天学院,省市级,5
2021,航空航天学院,省市级,2
2021,化学化工学院,省市级,5
2021,环境与生态学院,省市级,1
2021,建筑与土木工程学院,省市级,3
2021,建筑与土木工程学院,省市级,4
2021,经济学院,省市级,1
2021,经济学院,省市级,5
2021,经济学院,省市级,1
2021,经济学院,省市级,1
2021,能源学院,省市级,3
2021,人文学院,省市级,10
2021,社会与人类学院,省市级,1
2021,生命科学学院,省市级,10
2021,外文学院,省市级,1
2021,物理科学与技术学院,省市级,1
2021,厦门大学,省市级,1
2021,厦门大学,省市级,9
2021,新闻传播学院,省市级,1
2021,信息学院,省市级,2
2021,信息学院,省市级,6
2021,信息学院,省市级,5
2021,药学院,省市级,4
2021,药学院,省市级,2
2021,药学院,省市级,2
2021,医学院,省市级,3
2021,医学院,省市级,2
2021,医学院,省市级,2
2021,艺术学院,省市级,3
2022,材料学院,省市级,6
2022,材料学院,省市级,5
2022,创意与创新学院,省市级,4
2022,创意与创新学院,省市级,2
2022,创意与创新学院,省市级,1
2022,创意与创新学院,省市级,4
2022,电影学院,省市级,5
2022,电子科学与技术学院（国家示范性微电子学院）,省市级,1
2022,电子科学与技术学院（国家示范性微电子学院）,省市级,1
2022,法学院,省市级,5
2022,法学院,省市级,5
2022,法学院,省市级,2
2022,公共事务学院,省市级,1
2022,公共卫生学院,省市级,6
2022,公共卫生学院,省市级,1
2022,公共卫生学院,省市级,2
2022,管理学院,省市级,19
2022,管理学院,省市级,25
2022,管理学院,省市级,17
2022,管理学院,省市级,17
2022,国际学院,省市级,5
2022,国际学院,省市级,4
2022,国际学院,省市级,2
2022,国际学院,省市级,3
2022,航空航天学院,省市级,11
2022,航空航天学院,省市级,26
2022,航空航天学院,省市级,10
2022,航空航天学院,省市级,14
2022,化学化工学院,省市级,3
2022,化学化工学院,省市级,8
2022,建筑与土木工程学院,省市级,2
2022,建筑与土木工程学院,省市级,6
2022,经济学院,省市级,9
2022,经济学院,省市级,7
2022,经济学院,省市级,9
2022,经济学院,省市级,6
2022,能源学院,省市级,17
2022,能源学院,省市级,4
2022,人文学院,省市级,4
2022,人文学院,省市级,2
2022,人文学院,省市级,11
2022,人文学院,省市级,3
2022,社会与人类学院,省市级,1
2022,社会与人类学院,省市级,1
2022,生命科学学院,省市级,1
2022,生命科学学院,省市级,3
2022,数学科学学院,省市级,1
2022,数学科学学院,省市级,1
2022,外文学院,省市级,1
2022,外文学院,省市级,1
2022,外文学院,省市级,3
2022,外文学院,省市级,3
2022,王亚南经济研究院,省市级,1
2022,王亚南经济研究院,省市级,1
2022,物理科学与技术学院,省市级,6
2022,厦门大学,省市级,1
2022,新闻传播学院,省市级,3
2022,新闻传播学院,省市级,5
2022,新闻传播学院,省市级,2
2022,信息学院,省市级,10
2022,信息学院,省市级,4
2022,信息学院,省市级,1
2022,药学院,省市级,3
2022,药学院,省市级,8
2022,药学院,省市级,1
2022,药学院,省市级,4
2022,医学院,省市级,3
2022,医学院,省市级,1
2022,医学院,省市级,1
2022,艺术学院,省市级,1
2022,艺术学院,省市级,1
