﻿Year,College,CompetitionLevel,数目
2021,,国家级,8
2021,,国家级,4
2021,,省市级,1
2021,,省市级,79
2021,,省市级,82
2021,材料学院,省市级,4
2021,电子科学与技术学院(国家示范性微电子学院),国家级,3
2021,电子科学与技术学院(国家示范性微电子学院),省市级,20
2021,电子科学与技术学院(国家示范性微电子学院),省市级,33
2021,公共卫生学院,省市级,1
2021,管理学院,省市级,7
2021,管理学院,省市级,18
2021,国际学院,省市级,2
2021,国际学院,省市级,11
2021,海洋与地球学院,省市级,1
2021,海洋与地球学院,省市级,2
2021,航空航天学院,国家级,4
2021,航空航天学院,国家级,1
2021,航空航天学院,省市级,53
2021,航空航天学院,省市级,15
2021,化学化工学院,国家级,2
2021,化学化工学院,省市级,17
2021,化学化工学院,省市级,14
2021,环境与生态学院,省市级,1
2021,环境与生态学院,省市级,2
2021,建筑与土木工程学院,国家级,3
2021,建筑与土木工程学院,省市级,1
2021,经济学院,国家级,4
2021,经济学院,省市级,1
2021,经济学院,省市级,60
2021,经济学院,省市级,66
2021,能源学院,省市级,2
2021,生命科学学院,省市级,2
2021,数学科学学院,国家级,1
2021,数学科学学院,国家级,3
2021,数学科学学院,省市级,32
2021,数学科学学院,省市级,23
2021,外文学院,省市级,1
2021,外文学院,省市级,2
2021,外文学院,省市级,1
2021,王亚南经济研究院,省市级,8
2021,王亚南经济研究院,省市级,2
2021,物理科学与技术学院,国家级,3
2021,物理科学与技术学院,省市级,3
2021,物理科学与技术学院,省市级,8
2021,信息学院,国家级,7
2021,信息学院,国家级,5
2021,信息学院,省市级,1
2021,信息学院,省市级,29
2021,信息学院,省市级,49
2022,,国家级,6
2022,,国家级,5
2022,经济学院,国家级,8
2022,经济学院,国家级,4
2022,数学科学学院,国家级,3
2022,数学科学学院,国家级,4
2022,外文学院,国家级,1
2022,王亚南经济研究院,国家级,1
2022,物理科学与技术学院,国家级,4
2022,物理科学与技术学院,国家级,3
2022,信息学院,国家级,1
2022,信息学院,国家级,4
